{
    "training_time": 3682.164981842041,
    "inference_time": 0.13292890548706054,
    "memory_usage": 936.8125,
    "model_size": 153.06718921661377,
    "accuracy": 0.5550000071525574,
    "precision": 0.5610687136650085,
    "recall": 0.5512499809265137,
    "f1_score": 0,
    "auc": 0.7487533688545227,
    "confusion_matrix": null,
    "class_wise_metrics": {},
    "training_history": {
        "AUC": [
            0.833073616027832,
            0.9005716443061829,
            0.9221400022506714,
            0.9337379336357117,
            0.9428260326385498,
            0.9461941719055176,
            0.9502406120300293,
            0.9552084803581238,
            0.9576005935668945,
            0.958287239074707,
            0.9621113538742065,
            0.9640223383903503,
            0.9666028618812561,
            0.9662344455718994,
            0.9685981869697571,
            0.969287097454071,
            0.9757034778594971,
            0.9771301746368408,
            0.9789249897003174,
            0.9789671301841736,
            0.9801523089408875,
            0.9810669422149658,
            0.9818013906478882,
            0.9819611310958862,
            0.9823800921440125,
            0.9828693270683289,
            0.984630823135376,
            0.9851279854774475,
            0.9844405055046082,
            0.9857283234596252,
            0.9858729839324951,
            0.9870477914810181,
            0.9890546202659607,
            0.9892525672912598,
            0.9896079897880554,
            0.9900872111320496,
            0.9908352494239807,
            0.9907443523406982,
            0.9908121228218079,
            0.9907450079917908,
            0.9916974902153015,
            0.9917553067207336,
            0.9913934469223022,
            0.9921445846557617,
            0.991767406463623,
            0.9924941062927246,
            0.9926328063011169,
            0.9925908446311951,
            0.9935668110847473,
            0.9941734075546265
        ],
        "Precision": [
            0.6403632164001465,
            0.7349177598953247,
            0.770965039730072,
            0.7876744270324707,
            0.803977906703949,
            0.811763346195221,
            0.8208701610565186,
            0.8254537582397461,
            0.8341205716133118,
            0.8338900208473206,
            0.8378856778144836,
            0.8445229530334473,
            0.8479982614517212,
            0.8500495553016663,
            0.855145275592804,
            0.8559859991073608,
            0.8734287023544312,
            0.8738020658493042,
            0.8824225664138794,
            0.8782562017440796,
            0.8826321363449097,
            0.8868632912635803,
            0.8916603922843933,
            0.8898277878761292,
            0.8971391916275024,
            0.8898984789848328,
            0.8947762250900269,
            0.8984566330909729,
            0.8967941403388977,
            0.9015207886695862,
            0.9042813181877136,
            0.9047619104385376,
            0.9137018322944641,
            0.9188846349716187,
            0.9155734181404114,
            0.9217859506607056,
            0.9200041890144348,
            0.9224846959114075,
            0.9241066575050354,
            0.9231417775154114,
            0.9246077537536621,
            0.9289703965187073,
            0.925355851650238,
            0.9303356409072876,
            0.9265000820159912,
            0.9299021363258362,
            0.9306461811065674,
            0.9307984113693237,
            0.936723530292511,
            0.9400693774223328
        ],
        "Recall": [
            0.5215625166893005,
            0.628125011920929,
            0.6732291579246521,
            0.7056249976158142,
            0.7284374833106995,
            0.7461458444595337,
            0.754687488079071,
            0.7674999833106995,
            0.7726041674613953,
            0.7802083492279053,
            0.78927081823349,
            0.79666668176651,
            0.8031250238418579,
            0.8042708039283752,
            0.815416693687439,
            0.8147916793823242,
            0.8395833373069763,
            0.8453124761581421,
            0.854479193687439,
            0.8498958349227905,
            0.8522916436195374,
            0.8614583611488342,
            0.8676041960716248,
            0.8665624856948853,
            0.8721874952316284,
            0.8671875,
            0.8725000023841858,
            0.8792708516120911,
            0.8770833611488342,
            0.88302081823349,
            0.8866666555404663,
            0.890625,
            0.8988541960716248,
            0.90625,
            0.9014583230018616,
            0.9096875190734863,
            0.9092708230018616,
            0.911145806312561,
            0.9132291674613953,
            0.9120833277702332,
            0.9146875143051147,
            0.9182291626930237,
            0.91427081823349,
            0.9181249737739563,
            0.9152083396911621,
            0.9203125238418579,
            0.9211458563804626,
            0.9205208420753479,
            0.926770806312561,
            0.9313541650772095
        ],
        "accuracy": [
            0.5926041603088379,
            0.6885416507720947,
            0.7280208468437195,
            0.74979168176651,
            0.7683333158493042,
            0.7817708253860474,
            0.7920833230018616,
            0.7987499833106995,
            0.8054166436195374,
            0.8087499737739563,
            0.8159375190734863,
            0.8213541507720947,
            0.8253124952316284,
            0.8291666507720947,
            0.8345833420753479,
            0.8359375,
            0.8588541746139526,
            0.8594791889190674,
            0.8687499761581421,
            0.863854169845581,
            0.8685416579246521,
            0.8738541603088379,
            0.879895806312561,
            0.879479169845581,
            0.8839583396911621,
            0.8784375190734863,
            0.8840625286102295,
            0.8892708420753479,
            0.8876041769981384,
            0.89083331823349,
            0.8962500095367432,
            0.8960416913032532,
            0.9063541889190674,
            0.9118750095367432,
            0.9092708230018616,
            0.9160416722297668,
            0.9157291650772095,
            0.9166666865348816,
            0.9172916412353516,
            0.9177083373069763,
            0.9197916388511658,
            0.9234374761581421,
            0.9205208420753479,
            0.9241666793823242,
            0.9214583039283752,
            0.925000011920929,
            0.9261458516120911,
            0.9264583587646484,
            0.9310416579246521,
            0.9362499713897705
        ],