{
    "training_time": 1922.9788908958435,
    "inference_time": 0.1328201961517334,
    "memory_usage": 617.59375,
    "model_size": 4.591427803039551,
    "accuracy": 0.5687500238418579,
    "precision": 0.5685279369354248,
    "recall": 0.5600000023841858,
    "f1_score": 0,
    "auc": 0.7414133548736572,
    "confusion_matrix": [
        [
            32,
            58,
            11,
            99
        ],
        [
            0,
            164,
            9,
            27
        ],
        [
            18,
            42,
            67,
            73
        ],
        [
            4,
            3,
            1,
            192
        ]
    ],
    "class_wise_metrics": {
        "glioma_tumor": {
            "precision": 0.5926,
            "recall": 0.16,
            "f1_score": 0.252,
            "support": 200
        },
        "meningioma_tumor": {
            "precision": 0.6142,
            "recall": 0.82,
            "f1_score": 0.7024,
            "support": 200
        },
        "pituitary_tumor": {
            "precision": 0.7614,
            "recall": 0.335,
            "f1_score": 0.4653,
            "support": 200
        },
        "no_tumor": {
            "precision": 0.491,
            "recall": 0.96,
            "f1_score": 0.6497,
            "support": 200
        }
    },
    "training_history": {
        "AUC": [
            0.8351157903671265,
            0.907599151134491,
            0.9227064251899719,
            0.9327566027641296,
            0.9389699697494507,
            0.9441665410995483,
            0.9487805366516113,
            0.9515979886054993,
            0.9542181491851807,
            0.9586572051048279,
            0.9601331353187561,
            0.9615750312805176,
            0.9633691906929016,
            0.9661120176315308,
            0.9676219820976257,
            0.9675508737564087,
            0.9747191071510315,
            0.9758262634277344,
            0.9766390323638916,
            0.9785727262496948,
            0.9799144268035889,
            0.980224609375,
            0.9812434315681458,
            0.9810453057289124,
            0.9818679690361023,
            0.9824714660644531,
            0.9834228754043579,
            0.9846683740615845,
            0.984381377696991,
            0.984977662563324,
            0.9852326512336731,
            0.9860256314277649,
            0.9885081052780151,
            0.9880671501159668,
            0.9891623258590698,
            0.9904400706291199,
            0.989748477935791,
            0.9897543787956238,
            0.9902796149253845,
            0.9911299347877502,
            0.9907070994377136,
            0.9913558959960938,
            0.9902922511100769,
            0.9916543960571289,
            0.992107629776001,
            0.9918857216835022,
            0.9919818639755249,
            0.9921825528144836,
            0.9934802651405334,
            0.9936048984527588
        ],
        "Precision": [
            0.655222475528717,
            0.752612829208374,
            0.7742666602134705,
            0.7896413207054138,
            0.7993471026420593,
            0.810482919216156,
            0.815493106842041,
            0.8193548321723938,
            0.826478898525238,
            0.8352571725845337,
            0.8394772410392761,
            0.8419422507286072,
            0.8429770469665527,
            0.8500165343284607,
            0.8522329330444336,
            0.851721465587616,
            0.8651880621910095,
            0.8698570728302002,
            0.8756756782531738,
            0.8831714987754822,
            0.884780764579773,
            0.8879217505455017,
            0.8868977427482605,
            0.8903066515922546,
            0.8911950588226318,
            0.8928418755531311,
            0.8957956433296204,
            0.8996587991714478,
            0.9012437462806702,
            0.8989661931991577,
            0.9005947113037109,
            0.9053852558135986,
            0.9099299907684326,
            0.9115307331085205,
            0.9146819114685059,
            0.9217941761016846,
            0.9175911545753479,
            0.9210386872291565,
            0.9204821586608887,
            0.9223546981811523,
            0.9222093224525452,
            0.9280279278755188,
            0.9229632616043091,
            0.9259493947029114,
            0.9301761388778687,
            0.9312090873718262,
            0.9263978004455566,
            0.9325534701347351,
            0.9360538721084595,
            0.9382742047309875
        ],
        "Recall": [
            0.5168750286102295,
            0.6376041769981384,
            0.676354169845581,
            0.6971874833106995,
            0.7141666412353516,
            0.737708330154419,
            0.7467708587646484,
            0.7540624737739563,
            0.7640625238418579,
            0.776354193687439,
            0.7828124761581421,
            0.7929166555404663,
            0.7952083349227905,
            0.8022916913032532,
            0.8110416531562805,
            0.8065624833106995,
            0.8289583325386047,
            0.8368750214576721,
            0.84375,
            0.8528125286102295,
            0.8575000166893005,
            0.8607291579246521,
            0.8609374761581421,
            0.8648958206176758,
            0.8677083253860474,
            0.870520830154419,
            0.8766666650772095,
            0.8788541555404663,
            0.8831250071525574,
            0.8786458373069763,
            0.8833333253860474,
            0.886145830154419,
            0.8934375047683716,
            0.895104169845581,
            0.9001041650772095,
            0.9097916483879089,
            0.9046875238418579,
            0.9052083492279053,
            0.9067708253860474,
            0.910729169845581,
            0.9113541841506958,
            0.9146875143051147,
            0.9110416769981384,
            0.9143750071525574,
            0.9186458587646484,
            0.9193750023841858,
            0.9164583086967468,
            0.9217708110809326,
            0.9270833134651184,
            0.9310416579246521
        ],
        "accuracy": [
            0.5979166626930237,
            0.7028124928474426,
            0.7328125238418579,
            0.7520833611488342,
            0.762708306312561,
            0.7752083539962769,
            0.7855208516120911,
            0.792187511920929,
            0.7971875071525574,
            0.807812511920929,
            0.8157291412353516,
            0.817395806312561,
            0.8206250071525574,
            0.8293750286102295,
            0.8315625190734863,
            0.8298958539962769,
            0.848645806312561,
            0.8527083396911621,
            0.8600000143051147,
            0.86697918176651,
            0.8694791793823242,
            0.8753125071525574,
            0.8732291460037231,
            0.8780208230018616,
            0.8789583444595337,
            0.8813541531562805,
            0.8864583373069763,
            0.89041668176651,
            0.8918750286102295,
            0.8889583349227905,
            0.8923958539962769,
            0.8957291841506958,
            0.9023958444595337,
            0.9021875262260437,
            0.9081249833106995,
            0.9157291650772095,
            0.9119791388511658,
            0.9134374856948853,
            0.9128124713897705,
            0.9157291650772095,
            0.9166666865348816,
            0.9221875071525574,
            0.9176041483879089,
            0.9200000166893005,
            0.9241666793823242,
            0.9253125190734863,
            0.9208333492279053,
            0.9266666769981384,
            0.9308333396911621,
            0.9347916841506958
        ],